<wps:ProcessDescriptions xmlns:wps="http://www.opengis.net/wps/1.0.0" xmlns:xsi="http://www.w3.org/2001/XMLSchema-instance" xmlns:ows="http://www.opengis.net/ows/1.1" xsi:schemaLocation="http://www.opengis.net/wps/1.0.0 http://schemas.opengis.net/wps/1.0.0/wpsDescribeProcess_response.xsd" xml:lang="en-US" service="WPS" version="1.0.0">
<script/>
<ProcessDescription statusSupported="true" storeSupported="true" wps:processVersion="1.0.0">
	<ows:Identifier>pillar.automaticvalidation.ValueRange</ows:Identifier>
	<ows:Title>pillar.automaticvalidation.ValueRange</ows:Title>
		<DataInputs>
			<Input maxOccurs="1" minOccurs="1">
				<ows:Identifier>inputObservations</ows:Identifier>
				<ows:Title>inputObservations</ows:Title>
					<ComplexData>
						<Default>
							<Format>
								<MimeType>text/xml; subtype=gml/3.1.1</MimeType>
								<Schema>
									http://schemas.opengis.net/gml/3.1.1/base/gml.xsd
								</Schema>
								</Format>
						</Default>
						<Supported>
						<Format>
								<MimeType>text/xml; subtype=gml/3.1.1</MimeType>
								<Schema>
									http://schemas.opengis.net/gml/3.1.1/base/gml.xsd
								</Schema>
						</Format>
						<Format>
							<MimeType>text/xml; subtype=gml/3.1.0</MimeType>
							<Schema>
								http://schemas.opengis.net/gml/3.1.0/base/feature.xsd
							</Schema>
						</Format>
						</Supported>
					
					</ComplexData>
			</Input>
			<Input maxOccurs="1" minOccurs="1">
				<ows:Identifier>attributeName</ows:Identifier>
				<ows:Title>searchTerm</ows:Title>
					<LiteralData>
						<ows:DataType ows:reference="xs:string"/>
						<ows:AnyValue/>
					</LiteralData>
			</Input>
			<Input maxOccurs="1" minOccurs="1">
				<ows:Identifier>maxRange</ows:Identifier>
				<ows:Title>maxRange</ows:Title>
					<LiteralData>
						<ows:DataType ows:reference="xs:double"/>
						<ows:AnyValue/>
					</LiteralData>
			</Input>
			<Input maxOccurs="1" minOccurs="1">
				<ows:Identifier>minRange</ows:Identifier>
				<ows:Title>minRange</ows:Title>
					<LiteralData>
						<ows:DataType ows:reference="xs:double"/>
						<ows:AnyValue/>
					</LiteralData>
			</Input>
			
			
		</DataInputs>
	<ProcessOutputs>
		<Output>
			<ows:Identifier>result</ows:Identifier>
			<ows:Title>result</ows:Title>
				<ComplexOutput>
					<Default>
						<Format>
							<MimeType>text/xml; subtype=gml/3.1.1</MimeType>
								<Schema>
									http://schemas.opengis.net/gml/3.1.1/base/gml.xsd
								</Schema>
			</Format>
		</Default>
		<Supported>
		<Format>
							<MimeType>text/xml; subtype=gml/3.1.1</MimeType>
								<Schema>
									http://schemas.opengis.net/gml/3.1.1/base/gml.xsd
								</Schema>
									</Format>
			<Format>
							<MimeType>text/xml; subtype=gml/3.1.0</MimeType>
							<Schema>
								http://schemas.opengis.net/gml/3.1.0/base/feature.xsd
							</Schema>
						</Format>
		
		</Supported>
		</ComplexOutput>
	</Output>
	
	<Output>
			<ows:Identifier>qual_result</ows:Identifier>
			<ows:Title>result</ows:Title>
				<ComplexOutput>
					<Default>
						<Format>
							<MimeType>text/xml; subtype=gml/3.1.1</MimeType>
								<Schema>
									http://schemas.opengis.net/gml/3.1.1/base/gml.xsd
								</Schema>
			</Format>
		</Default>
		<Supported>
		<Format>
							<MimeType>text/xml</MimeType>
				<Schema>
					http://schemas.opengis.net/gml/3.1.1/base/gml.xsd
				</Schema>
			</Format>
			
			<Format>
							<MimeType>text/xml; subtype=gml/3.1.0</MimeType>
							<Schema>
								http://schemas.opengis.net/gml/3.1.0/base/feature.xsd
							</Schema>
						</Format>
		</Supported>
		</ComplexOutput>
	</Output>
		</ProcessOutputs>
	</ProcessDescription>
</wps:ProcessDescriptions>